epoch,zeta,train_loss,test_loss
1,zeta0p1,0.1276999711990356,0.1248600780963897
2,zeta0p1,0.1271472871303558,0.1243310645222663
3,zeta0p1,0.126616358757019,0.1238228604197502
4,zeta0p1,0.1261064112186432,0.1233345717191696
5,zeta0p1,0.1256164759397506,0.1228650957345962
6,zeta0p1,0.1251454949378967,0.1224132180213928
7,zeta0p1,0.1246921718120575,0.12197757512331
8,zeta0p1,0.1242551431059837,0.1215566992759704
9,zeta0p1,0.1238329634070396,0.1211491897702217
10,zeta0p1,0.123424157500267,0.1207536160945892
11,zeta0p1,0.1230273470282554,0.1203688234090805
12,zeta0p1,0.1226413622498512,0.1199938654899597
13,zeta0p1,0.1222652345895767,0.1196279302239418
14,zeta0p1,0.1218981817364692,0.1192704513669014
15,zeta0p1,0.1215395703911781,0.1189208999276161
16,zeta0p1,0.1211889386177063,0.1185788437724113
17,zeta0p1,0.1208458393812179,0.1182439252734184
18,zeta0p1,0.1205098628997802,0.1179157346487045
19,zeta0p1,0.1201806291937828,0.1175938621163368
20,zeta0p1,0.1198577284812927,0.1172778531908989
21,zeta0p1,0.1195406541228294,0.1169671639800071
22,zeta0p1,0.1192289441823959,0.116661287844181
23,zeta0p1,0.1189219951629638,0.116359606385231
24,zeta0p1,0.1186192110180854,0.1160614937543869
25,zeta0p1,0.1183200180530548,0.1157663166522979
26,zeta0p1,0.1180237233638763,0.115473449230194
27,zeta0p1,0.1177296936511993,0.1151822581887245
28,zeta0p1,0.1174373403191566,0.1148921400308609
29,zeta0p1,0.1171460449695587,0.1146025657653808
30,zeta0p1,0.1168552562594413,0.1143130213022232
31,zeta0p1,0.1165644824504852,0.1140229925513267
32,zeta0p1,0.116273209452629,0.1137320101261138
33,zeta0p1,0.1159809678792953,0.1134396195411682
34,zeta0p1,0.1156872808933258,0.1131453588604927
35,zeta0p1,0.11539176851511,0.1128488704562187
36,zeta0p1,0.1150939464569091,0.1125496327877044
37,zeta0p1,0.1147933974862098,0.1122472584247589
38,zeta0p1,0.1144896671175956,0.1119413077831268
39,zeta0p1,0.1141823679208755,0.1116313487291336
40,zeta0p1,0.1138709932565689,0.1113168895244598
41,zeta0p1,0.1135551482439041,0.110997550189495
42,zeta0p1,0.1132343783974647,0.1106728240847587
43,zeta0p1,0.1129081696271896,0.110342226922512
44,zeta0p1,0.1125761047005653,0.1100052818655967
45,zeta0p1,0.1122376471757888,0.1096615195274353
46,zeta0p1,0.1118923127651214,0.109310396015644
47,zeta0p1,0.1115395948290824,0.1089513897895813
48,zeta0p1,0.1111789494752883,0.1085839569568634
49,zeta0p1,0.1108098477125167,0.1082075610756874
50,zeta0p1,0.1104317456483841,0.1078216657042503
51,zeta0p1,0.1100441068410873,0.107425682246685
52,zeta0p1,0.1096463501453399,0.1070190519094467
53,zeta0p1,0.1092379391193389,0.1066012308001518
54,zeta0p1,0.1088183149695396,0.1061716079711914
55,zeta0p1,0.1083868891000747,0.1057296246290206
56,zeta0p1,0.107943095266819,0.1052746772766113
57,zeta0p1,0.1074863597750663,0.1048061549663543
58,zeta0p1,0.1070161089301109,0.104323498904705
59,zeta0p1,0.1065317243337631,0.1038260534405708
60,zeta0p1,0.1060326024889946,0.1033132150769233
61,zeta0p1,0.1055181622505188,0.1027843877673149
62,zeta0p1,0.1049877852201461,0.1022389531135559
63,zeta0p1,0.1044408902525901,0.1016762927174568
64,zeta0p1,0.1038768589496612,0.101095825433731
65,zeta0p1,0.1032951101660728,0.1004969477653503
66,zeta0p1,0.1026950627565383,0.0998791307210922
67,zeta0p1,0.1020761802792549,0.0992418378591537
68,zeta0p1,0.101437933743,0.0985845923423767
69,zeta0p1,0.1007798612117767,0.0979069918394088
70,zeta0p1,0.1001015305519104,0.0972087085247039
71,zeta0p1,0.0994026288390159,0.0964895412325859
72,zeta0p1,0.0986829549074173,0.0957494527101516
73,zeta0p1,0.097942441701889,0.0949885472655296
74,zeta0p1,0.0971811860799789,0.094207189977169
75,zeta0p1,0.096399575471878,0.0934060215950012
76,zeta0p1,0.0955981835722923,0.0925860330462455
77,zeta0p1,0.0947779715061187,0.0917485877871513
78,zeta0p1,0.0939403027296066,0.0908956229686737
79,zeta0p1,0.0930870547890663,0.090029552578926
80,zeta0p1,0.092220589518547,0.0891535356640815
81,zeta0p1,0.0913440287113189,0.0882714912295341
82,zeta0p1,0.0904612466692924,0.0873882472515106
83,zeta0p1,0.0895769894123077,0.086509570479393
84,zeta0p1,0.0886970162391662,0.0856423676013946
85,zeta0p1,0.0878281369805336,0.0847945883870124
86,zeta0p1,0.0869783386588096,0.0839752703905105
87,zeta0p1,0.0861565694212913,0.0831942483782768
88,zeta0p1,0.0853727236390113,0.0824618712067604
89,zeta0p1,0.0846372246742248,0.0817883312702179
90,zeta0p1,0.0839603394269943,0.0811827406287193
91,zeta0p1,0.0833514481782913,0.0806520208716392
92,zeta0p1,0.0828177332878112,0.0801996141672134
93,zeta0p1,0.0823630914092063,0.0798243954777717
94,zeta0p1,0.0819868966937065,0.0795200988650322
95,zeta0p1,0.0816835016012191,0.0792756676673889
96,zeta0p1,0.0814423337578773,0.0790764316916465
97,zeta0p1,0.081249214708805,0.0789064392447471
98,zeta0p1,0.0810883790254592,0.0787508860230445
99,zeta0p1,0.0809449851512909,0.0785983726382255
100,zeta0p1,0.0808072760701179,0.0784420371055603
101,zeta0p1,0.0806677639484405,0.0782795697450637
102,zeta0p1,0.0805234014987945,0.0781122595071792
103,zeta0p1,0.0803746730089187,0.0779435336589813
104,zeta0p1,0.0802242457866668,0.077777586877346
105,zeta0p1,0.0800755992531776,0.0776181668043136
106,zeta0p1,0.0799319893121719,0.0774680078029632
107,zeta0p1,0.0797957330942154,0.0773284882307052
108,zeta0p1,0.0796680152416229,0.0771998465061187
109,zeta0p1,0.0795489177107811,0.0770813599228859
110,zeta0p1,0.0794377699494361,0.0769718438386917
111,zeta0p1,0.079333484172821,0.076869897544384
112,zeta0p1,0.0792348608374595,0.0767742469906807
113,zeta0p1,0.0791408568620681,0.076683908700943
114,zeta0p1,0.0790507346391677,0.0765981897711753
115,zeta0p1,0.0789640992879867,0.0765167027711868
116,zeta0p1,0.0788808315992355,0.076439194381237
117,zeta0p1,0.0788009837269783,0.0763655304908752
118,zeta0p1,0.0787246823310852,0.0762954726815223
119,zeta0p1,0.0786519348621368,0.0762286484241485
120,zeta0p1,0.0785825997591018,0.0761644914746284
121,zeta0p1,0.0785163342952728,0.0761022269725799
122,zeta0p1,0.0784525498747825,0.0760410130023956
123,zeta0p1,0.0783905237913131,0.0759799256920814
124,zeta0p1,0.0783294662833213,0.0759181678295135
125,zeta0p1,0.0782686546444892,0.0758551284670829
126,zeta0p1,0.0782075002789497,0.0757904127240181
127,zeta0p1,0.0781456306576728,0.0757239386439323
128,zeta0p1,0.0780829489231109,0.0756558924913406
129,zeta0p1,0.0780195668339729,0.0755866542458534
130,zeta0p1,0.0779558047652244,0.0755167454481124
131,zeta0p1,0.0778920650482177,0.0754467472434043
132,zeta0p1,0.0778288319706916,0.0753772109746933
133,zeta0p1,0.077766515314579,0.0753086507320404
134,zeta0p1,0.0777054876089096,0.0752414464950561
135,zeta0p1,0.0776460319757461,0.0751759111881256
136,zeta0p1,0.07758828997612,0.0751122161746025
137,zeta0p1,0.0775323212146759,0.0750504732131958
138,zeta0p1,0.0774781256914138,0.0749906748533248
139,zeta0p1,0.0774256065487861,0.0749327838420867
140,zeta0p1,0.0773746371269226,0.0748766958713531
141,zeta0p1,0.0773250386118888,0.0748222768306732
142,zeta0p1,0.0772766321897506,0.0747693702578544
143,zeta0p1,0.0772292390465736,0.0747178271412849
144,zeta0p1,0.0771826803684234,0.0746674835681915
145,zeta0p1,0.0771368145942688,0.0746182277798652
146,zeta0p1,0.0770915374159812,0.074569933116436
147,zeta0p1,0.0770467668771743,0.0745225176215171
148,zeta0p1,0.077002465724945,0.0744759291410446
149,zeta0p1,0.0769586339592933,0.0744301080703735
150,zeta0p1,0.0769153237342834,0.0743850320577621
151,zeta0p1,0.0768725275993347,0.0743406563997268
152,zeta0p1,0.0768302977085113,0.0742969065904617
153,zeta0p1,0.0767886713147163,0.0742537751793861
154,zeta0p1,0.0767476111650466,0.0742111802101135
155,zeta0p1,0.0767071694135665,0.0741690620779991
156,zeta0p1,0.0766672864556312,0.0741273686289787
157,zeta0p1,0.0766279846429824,0.0740860775113105
158,zeta0p1,0.0765892043709755,0.0740451589226722
159,zeta0p1,0.0765509530901908,0.0740046128630638
160,zeta0p1,0.0765132308006286,0.0739644542336463
161,zeta0p1,0.0764760449528694,0.0739247351884841
162,zeta0p1,0.0764394104480743,0.0738854706287384
163,zeta0p1,0.0764033272862434,0.0738467052578926
164,zeta0p1,0.0763678103685379,0.073808453977108
165,zeta0p1,0.0763328373432159,0.0737707391381263
166,zeta0p1,0.0762984305620193,0.0737335756421089
167,zeta0p1,0.0762645378708839,0.0736969634890556
168,zeta0p1,0.0762311667203903,0.0736608952283859
169,zeta0p1,0.0761982798576355,0.0736253559589386
170,zeta0p1,0.0761658549308776,0.0735903605818748
171,zeta0p1,0.076133906841278,0.0735558867454528
172,zeta0p1,0.076102390885353,0.0735219419002533
173,zeta0p1,0.0760713219642639,0.0734885185956955
174,zeta0p1,0.0760407149791717,0.0734556317329406
175,zeta0p1,0.0760105475783348,0.0734232515096664
176,zeta0p1,0.0759808421134948,0.0733913853764534
177,zeta0p1,0.0759515762329101,0.0733600258827209
178,zeta0p1,0.0759227722883224,0.0733291506767273
179,zeta0p1,0.0758944004774093,0.073298767209053
180,zeta0p1,0.0758664682507515,0.0732688531279563
181,zeta0p1,0.0758389458060264,0.0732394084334373
182,zeta0p1,0.075811855494976,0.0732104182243347
183,zeta0p1,0.0757851600646972,0.0731818899512291
184,zeta0p1,0.0757588893175125,0.0731537938117981
185,zeta0p1,0.0757329910993576,0.0731261596083641
186,zeta0p1,0.0757074952125549,0.0730989649891853
187,zeta0p1,0.0756823793053627,0.0730722174048423
188,zeta0p1,0.0756576359272003,0.073045901954174
189,zeta0p1,0.0756332725286483,0.0730200335383415
190,zeta0p1,0.0756092742085456,0.0729945972561836
191,zeta0p1,0.0755856335163116,0.0729695856571197
192,zeta0p1,0.0755623579025268,0.0729450061917305
193,zeta0p1,0.0755394101142883,0.072920836508274
194,zeta0p1,0.0755168125033378,0.072897084057331
195,zeta0p1,0.0754945427179336,0.0728737413883209
196,zeta0p1,0.0754726156592369,0.0728508234024047
197,zeta0p1,0.0754509940743446,0.0728283151984214
198,zeta0p1,0.0754296854138374,0.0728061944246292
199,zeta0p1,0.0754086896777153,0.0727844685316085
200,zeta0p1,0.075387991964817,0.0727631300687789
201,zeta0p1,0.0753675922751426,0.0727421641349792
202,zeta0p1,0.0753474608063697,0.0727215558290481
203,zeta0p1,0.0753276199102401,0.0727012977004051
204,zeta0p1,0.075308047235012,0.0726813673973083
205,zeta0p1,0.0752887278795242,0.0726617723703384
206,zeta0p1,0.0752696618437767,0.0726424902677536
207,zeta0p1,0.07525085657835,0.072623498737812
208,zeta0p1,0.0752322748303413,0.0726047828793525
209,zeta0p1,0.0752139315009117,0.0725863501429557
210,zeta0p1,0.0751958116889,0.0725681781768798
211,zeta0p1,0.0751779079437255,0.0725502595305442
212,zeta0p1,0.075160227715969,0.0725325942039489
213,zeta0p1,0.0751427412033081,0.0725151747465133
214,zeta0p1,0.0751254558563232,0.0724980011582374
215,zeta0p1,0.0751083642244339,0.072481095790863
216,zeta0p1,0.0750914588570594,0.0724644064903259
217,zeta0p1,0.0750747323036193,0.0724479854106903
218,zeta0p1,0.0750581845641136,0.0724317952990531
219,zeta0p1,0.0750418007373809,0.0724158734083175
220,zeta0p1,0.0750255808234214,0.0724001824855804
221,zeta0p1,0.0750095099210739,0.0723847225308418
222,zeta0p1,0.0749936029314994,0.0723695009946823
223,zeta0p1,0.0749778375029563,0.0723545104265213
224,zeta0p1,0.0749622136354446,0.0723397508263588
225,zeta0p1,0.074946716427803,0.072325199842453
226,zeta0p1,0.0749313607811927,0.0723108500242233
227,zeta0p1,0.0749161317944526,0.0722967088222503
228,zeta0p1,0.0749010145664215,0.0722827389836311
229,zeta0p1,0.0748860090970993,0.072268970310688
230,zeta0p1,0.0748711451888084,0.0722553580999374
231,zeta0p1,0.0748563632369041,0.0722419321537017
232,zeta0p1,0.0748417004942894,0.0722286626696586
233,zeta0p1,0.074827142059803,0.0722155421972274
234,zeta0p1,0.0748126730322837,0.0722025856375694
235,zeta0p1,0.0747983008623123,0.0721897780895233
236,zeta0p1,0.074784018099308,0.0721771046519279
237,zeta0p1,0.0747698247432708,0.0721645727753639
238,zeta0p1,0.0747557133436203,0.0721521824598312
239,zeta0p1,0.0747416913509368,0.0721399188041687
240,zeta0p1,0.07472775131464,0.0721277892589569
241,zeta0p1,0.0747138932347297,0.072115771472454
242,zeta0p1,0.0747001096606254,0.0721038877964019
243,zeta0p1,0.0746863856911659,0.0720921233296394
244,zeta0p1,0.0746727362275123,0.0720804631710052
245,zeta0p1,0.0746591687202453,0.07206891477108
246,zeta0p1,0.0746456608176231,0.0720574781298637
247,zeta0p1,0.0746322199702262,0.0720461383461952
248,zeta0p1,0.0746188461780548,0.0720349103212356
249,zeta0p1,0.0746055319905281,0.0720237791538238
250,zeta0p1,0.0745922774076461,0.0720127373933792
251,zeta0p1,0.0745790898799896,0.0720017924904823
252,zeta0p1,0.0745659470558166,0.0719909518957138
253,zeta0p1,0.0745528787374496,0.0719802007079124
254,zeta0p1,0.0745398700237274,0.0719695165753364
255,zeta0p1,0.0745268985629081,0.0719589293003082
256,zeta0p1,0.0745140016078949,0.0719484165310859
257,zeta0p1,0.0745011419057846,0.0719379931688308
258,zeta0p1,0.074488341808319,0.0719276294112205
259,zeta0p1,0.0744755938649177,0.0719173550605773
260,zeta0p1,0.0744628980755806,0.071907140314579
261,zeta0p1,0.0744502544403076,0.0718970000743866
262,zeta0p1,0.0744376629590988,0.0718869268894195
263,zeta0p1,0.0744251236319542,0.0718769133090972
264,zeta0p1,0.0744126215577125,0.071866974234581
265,zeta0p1,0.0744001790881156,0.07185710221529
266,zeta0p1,0.074387788772583,0.0718472823500633
267,zeta0p1,0.0743754357099533,0.0718375220894813
268,zeta0p1,0.0743631348013877,0.0718278214335441
269,zeta0p1,0.0743508785963058,0.0718181729316711
270,zeta0p1,0.0743386670947074,0.0718085989356041
271,zeta0p1,0.0743265151977539,0.07179906219244
272,zeta0p1,0.0743143931031227,0.0717895925045013
273,zeta0p1,0.0743023157119751,0.0717801600694656
274,zeta0p1,0.0742902904748916,0.0717707872390747
275,zeta0p1,0.0742783099412918,0.0717614665627479
276,zeta0p1,0.0742663666605949,0.0717521831393241
277,zeta0p1,0.0742544755339622,0.0717429593205452
278,zeta0p1,0.0742426216602325,0.071733757853508
279,zeta0p1,0.074230819940567,0.0717246234416961
280,zeta0p1,0.0742190480232238,0.0717155188322067
281,zeta0p1,0.0742073282599449,0.0717064663767814
282,zeta0p1,0.0741956457495689,0.0716974437236785
283,zeta0p1,0.0741840079426765,0.0716884806752204
284,zeta0p1,0.0741724073886871,0.0716795325279235
285,zeta0p1,0.0741608440876007,0.0716706290841102
286,zeta0p1,0.074149340391159,0.0716617554426193
287,zeta0p1,0.0741378664970398,0.0716529339551925
288,zeta0p1,0.0741264224052429,0.0716441422700882
289,zeta0p1,0.0741150230169296,0.0716353729367256
290,zeta0p1,0.0741036608815193,0.0716266557574272
291,zeta0p1,0.0740923434495925,0.0716179683804512
292,zeta0p1,0.0740810632705688,0.0716093033552169
293,zeta0p1,0.074069820344448,0.0716006755828857
294,zeta0p1,0.0740586146712303,0.0715920776128768
295,zeta0p1,0.0740474537014961,0.071583516895771
296,zeta0p1,0.0740363150835037,0.0715749859809875
297,zeta0p1,0.0740252286195755,0.0715664699673652
298,zeta0p1,0.074014164507389,0.0715580061078071
299,zeta0p1,0.0740031450986862,0.0715495571494102
300,zeta0p1,0.0739921629428863,0.0715411379933357
1,zeta0p3,0.0507756471633911,0.0481542386114597
2,zeta0p3,0.0506128780543804,0.0480040870606899
3,zeta0p3,0.0504627078771591,0.0478664934635162
4,zeta0p3,0.0503251105546951,0.0477410890161991
5,zeta0p3,0.0501997359097003,0.047627430409193
6,zeta0p3,0.0500860922038555,0.0475252531468868
7,zeta0p3,0.0499839223921299,0.0474345497786998
8,zeta0p3,0.0498932041227817,0.0473552122712135
9,zeta0p3,0.0498137958347797,0.0472867339849472
10,zeta0p3,0.0497452020645141,0.0472280234098434
11,zeta0p3,0.049686312675476,0.0471775233745574
12,zeta0p3,0.0496355816721916,0.047133482992649
13,zeta0p3,0.0495912283658981,0.0470940917730331
14,zeta0p3,0.0495514310896396,0.0470575951039791
15,zeta0p3,0.0495144426822662,0.0470224171876907
16,zeta0p3,0.0494786538183689,0.0469872318208217
17,zeta0p3,0.049442745745182,0.0469509996473789
18,zeta0p3,0.0494056567549705,0.046913057565689
19,zeta0p3,0.0493667162954807,0.0468730814754962
20,zeta0p3,0.0493256151676178,0.0468310974538326
21,zeta0p3,0.0492823645472526,0.0467873960733413
22,zeta0p3,0.0492372624576091,0.0467424169182777
23,zeta0p3,0.0491907447576522,0.0466966480016708
24,zeta0p3,0.0491433180868625,0.0466505400836467
25,zeta0p3,0.0490954481065273,0.0466044582426548
26,zeta0p3,0.0490475036203861,0.0465586856007576
27,zeta0p3,0.0489997826516628,0.0465134270489215
28,zeta0p3,0.048952504992485,0.0464688166975975
29,zeta0p3,0.0489058047533035,0.0464248694479465
30,zeta0p3,0.0488597378134727,0.0463815741240978
31,zeta0p3,0.0488142818212509,0.046338777989149
32,zeta0p3,0.048769325017929,0.0462963245809078
33,zeta0p3,0.0487246997654438,0.0462539941072464
34,zeta0p3,0.0486802048981189,0.0462116040289402
35,zeta0p3,0.0486356690526008,0.0461689867079257
36,zeta0p3,0.0485909134149551,0.0461259707808494
37,zeta0p3,0.048545803874731,0.046082429587841
38,zeta0p3,0.0485002025961875,0.0460382588207721
39,zeta0p3,0.0484540089964866,0.0459933914244174
40,zeta0p3,0.048407144844532,0.0459477417171001
41,zeta0p3,0.0483595505356788,0.0459013320505619
42,zeta0p3,0.0483112037181854,0.0458541437983512
43,zeta0p3,0.0482621192932128,0.0458061806857585
44,zeta0p3,0.0482122786343097,0.0457574613392353
45,zeta0p3,0.0481617078185081,0.0457079745829105
46,zeta0p3,0.0481103770434856,0.0456577092409133
47,zeta0p3,0.0480582751333713,0.045606642961502
48,zeta0p3,0.0480053722858428,0.0455547049641609
49,zeta0p3,0.0479515977203846,0.0455018579959869
50,zeta0p3,0.0478968955576419,0.0454479940235614
51,zeta0p3,0.0478411689400672,0.0453930050134658
52,zeta0p3,0.0477843061089515,0.0453367680311203
53,zeta0p3,0.0477261692285537,0.0452791564166545
54,zeta0p3,0.047666635364294,0.0452200323343277
55,zeta0p3,0.0476055517792701,0.0451592393219471
56,zeta0p3,0.0475428067147731,0.0450966581702232
57,zeta0p3,0.0474782288074493,0.0450321398675441
58,zeta0p3,0.0474116951227188,0.044965524226427
59,zeta0p3,0.0473430715501308,0.0448967069387435
60,zeta0p3,0.0472722239792346,0.0448255203664302
61,zeta0p3,0.0471990294754505,0.044751863926649
62,zeta0p3,0.0471233427524566,0.0446755774319171
63,zeta0p3,0.0470450595021247,0.0445965379476547
64,zeta0p3,0.0469640456140041,0.04451460018754
65,zeta0p3,0.0468801595270633,0.0444296300411224
66,zeta0p3,0.0467932894825935,0.044341467320919
67,zeta0p3,0.0467032864689827,0.04424998909235
68,zeta0p3,0.046610027551651,0.0441550314426422
69,zeta0p3,0.0465133637189865,0.0440564677119255
70,zeta0p3,0.046413168311119,0.0439541786909103
71,zeta0p3,0.0463093295693397,0.0438480265438556
72,zeta0p3,0.0462017357349395,0.0437379330396652
73,zeta0p3,0.0460902899503707,0.0436238273978233
74,zeta0p3,0.0459749363362789,0.0435056909918785
75,zeta0p3,0.0458556562662124,0.0433835238218307
76,zeta0p3,0.0457324497401714,0.0432573854923248
77,zeta0p3,0.0456053875386714,0.0431274063885211
78,zeta0p3,0.045474600046873,0.0429937727749347
79,zeta0p3,0.0453402809798717,0.0428567230701446
80,zeta0p3,0.0452026650309562,0.0427165776491165
81,zeta0p3,0.0450620986521244,0.0425737202167511
82,zeta0p3,0.0449189580976963,0.0424285903573036
83,zeta0p3,0.0447737164795398,0.0422817319631576
84,zeta0p3,0.0446269176900386,0.0421337112784385
85,zeta0p3,0.0444791801273822,0.0419851988554
86,zeta0p3,0.044331144541502,0.0418368875980377
87,zeta0p3,0.0441835783421993,0.0416895449161529
88,zeta0p3,0.0440372414886951,0.0415439717471599
89,zeta0p3,0.0438929684460163,0.0414009466767311
90,zeta0p3,0.0437515750527381,0.0412612184882164
91,zeta0p3,0.0436138249933719,0.041125439107418
92,zeta0p3,0.0434804148972034,0.0409941636025905
93,zeta0p3,0.0433519072830677,0.0408677943050861
94,zeta0p3,0.0432287417352199,0.0407466404139995
95,zeta0p3,0.0431112274527549,0.0406308844685554
96,zeta0p3,0.042999543249607,0.04052060469985
97,zeta0p3,0.0428937561810016,0.0404157973825931
98,zeta0p3,0.0427938215434551,0.0403163954615592
99,zeta0p3,0.042699608951807,0.0402222834527492
100,zeta0p3,0.0426109582185745,0.0401333607733249
101,zeta0p3,0.0425277277827262,0.0400495380163192
102,zeta0p3,0.0424497611820697,0.0399708040058612
103,zeta0p3,0.0423769392073154,0.0398971326649189
104,zeta0p3,0.0423091799020767,0.0398285500705242
105,zeta0p3,0.0422463938593864,0.039765041321516
106,zeta0p3,0.0421884693205356,0.0397065132856369
107,zeta0p3,0.0421351939439773,0.0396527834236621
108,zeta0p3,0.0420863330364227,0.0396035797894001
109,zeta0p3,0.0420415215194225,0.0395585782825946
110,zeta0p3,0.0420003943145275,0.0395174250006675
111,zeta0p3,0.0419625751674175,0.0394797958433628
112,zeta0p3,0.0419277399778366,0.0394454300403595
113,zeta0p3,0.0418956242501735,0.0394141189754009
114,zeta0p3,0.041866049170494,0.0393857061862945
115,zeta0p3,0.0418388955295085,0.0393600612878799
116,zeta0p3,0.0418140515685081,0.039337009191513
117,zeta0p3,0.0417914018034935,0.0393163375556468
118,zeta0p3,0.0417707860469818,0.0392977558076381
119,zeta0p3,0.0417519770562648,0.0392809137701988
120,zeta0p3,0.0417346730828285,0.0392654277384281
121,zeta0p3,0.0417185202240943,0.0392508991062641
122,zeta0p3,0.0417031608521938,0.0392370000481605
123,zeta0p3,0.0416882745921611,0.0392234437167644
124,zeta0p3,0.0416735894978046,0.0392100736498832
125,zeta0p3,0.0416589230298996,0.0391968004405498
126,zeta0p3,0.04164420068264,0.0391836017370224
127,zeta0p3,0.041629385203123,0.0391704998910427
128,zeta0p3,0.0416145101189613,0.0391575545072555
129,zeta0p3,0.0415995791554451,0.0391447953879833
130,zeta0p3,0.0415846146643161,0.0391322374343872
131,zeta0p3,0.0415696278214454,0.0391198694705963
132,zeta0p3,0.0415545813739299,0.0391076914966106
133,zeta0p3,0.0415394492447376,0.0390956550836563
134,zeta0p3,0.0415242090821266,0.0390837639570236
135,zeta0p3,0.041508849710226,0.0390720106661319
136,zeta0p3,0.0414933823049068,0.0390604026615619
137,zeta0p3,0.0414778180420398,0.0390489697456359
138,zeta0p3,0.0414622128009796,0.0390377193689346
139,zeta0p3,0.0414466001093387,0.039026666432619
140,zeta0p3,0.0414310172200202,0.0390158146619796
141,zeta0p3,0.0414154976606369,0.0390051491558551
142,zeta0p3,0.0414000749588012,0.0389946661889553
143,zeta0p3,0.0413847491145134,0.0389843434095382
144,zeta0p3,0.0413695573806762,0.0389741659164428
145,zeta0p3,0.0413544848561286,0.0389641150832176
146,zeta0p3,0.0413395538926124,0.0389541871845722
147,zeta0p3,0.0413247793912887,0.038944374769926
148,zeta0p3,0.0413101688027381,0.0389346592128276
149,zeta0p3,0.0412957146763801,0.038925040513277
150,zeta0p3,0.0412814319133758,0.0389155000448226
151,zeta0p3,0.0412673279643058,0.0389060340821743
152,zeta0p3,0.0412533767521381,0.0388966128230094
153,zeta0p3,0.0412395745515823,0.0388872250914573
154,zeta0p3,0.0412259139120578,0.0388778671622276
155,zeta0p3,0.0412123762071132,0.0388685166835784
156,zeta0p3,0.0411989539861679,0.0388591662049293
157,zeta0p3,0.0411856360733509,0.0388498194515705
158,zeta0p3,0.0411724187433719,0.0388404764235019
159,zeta0p3,0.0411592908203601,0.0388311222195625
160,zeta0p3,0.0411462560296058,0.0388217754662036
161,zeta0p3,0.041133314371109,0.0388124212622642
162,zeta0p3,0.0411204472184181,0.038803081959486
163,zeta0p3,0.0411076731979846,0.0387937389314174
164,zeta0p3,0.0410949662327766,0.0387843996286392
165,zeta0p3,0.0410823337733745,0.0387750677764415
166,zeta0p3,0.0410697683691978,0.0387657508254051
167,zeta0p3,0.0410572737455368,0.0387564338743686
168,zeta0p3,0.0410448350012302,0.0387471318244934
169,zeta0p3,0.041032463312149,0.0387378484010696
170,zeta0p3,0.041020143777132,0.0387285836040973
171,zeta0p3,0.04100788757205,0.0387193411588668
172,zeta0p3,0.0409956835210323,0.0387101285159587
173,zeta0p3,0.0409835539758205,0.038700945675373
174,zeta0p3,0.0409714728593826,0.0386917889118194
175,zeta0p3,0.0409594662487506,0.0386826619505882
176,zeta0p3,0.0409475080668926,0.0386735759675502
177,zeta0p3,0.0409356169402599,0.0386645123362541
178,zeta0p3,0.0409237816929817,0.0386554822325706
179,zeta0p3,0.0409120097756385,0.0386464819312095
180,zeta0p3,0.0409002937376499,0.0386375151574611
181,zeta0p3,0.0408886335790157,0.038628589361906
182,zeta0p3,0.0408770330250263,0.0386196821928024
183,zeta0p3,0.0408654883503913,0.0386108197271823
184,zeta0p3,0.0408539921045303,0.0386019870638847
185,zeta0p3,0.0408425629138946,0.0385932028293609
186,zeta0p3,0.0408311858773231,0.0385844446718692
187,zeta0p3,0.0408198609948158,0.0385757349431514
188,zeta0p3,0.0408085919916629,0.0385670624673366
189,zeta0p3,0.040797371417284,0.0385584346950054
190,zeta0p3,0.0407862029969692,0.0385498516261577
191,zeta0p3,0.0407750941812992,0.0385413132607936
192,zeta0p3,0.0407640263438224,0.0385328195989131
193,zeta0p3,0.0407530069351196,0.0385243780910968
194,zeta0p3,0.0407420434057712,0.0385159775614738
195,zeta0p3,0.0407311245799064,0.0385076291859149
196,zeta0p3,0.0407202541828155,0.0384993217885494
197,zeta0p3,0.0407094247639179,0.038491066545248
198,zeta0p3,0.0406986512243747,0.0384828485548496
199,zeta0p3,0.0406879223883152,0.0384746678173542
200,zeta0p3,0.0406772382557392,0.0384665317833423
201,zeta0p3,0.0406665951013565,0.0384584367275238
202,zeta0p3,0.0406560003757476,0.0384503751993179
203,zeta0p3,0.040645457804203,0.038442350924015
204,zeta0p3,0.0406349450349807,0.0384343564510345
205,zeta0p3,0.0406244844198226,0.0384263955056667
206,zeta0p3,0.0406140610575675,0.0384184680879116
207,zeta0p3,0.0406036898493766,0.0384105592966079
208,zeta0p3,0.0405933558940887,0.0384026803076267
209,zeta0p3,0.0405830666422843,0.0383948348462581
210,zeta0p3,0.0405728109180927,0.0383870154619216
211,zeta0p3,0.0405625998973846,0.0383792147040367
212,zeta0p3,0.0405524335801601,0.0383714474737644
213,zeta0p3,0.0405423082411289,0.0383636988699436
214,zeta0p3,0.0405322201550006,0.0383559688925743
215,zeta0p3,0.0405221655964851,0.0383482724428176
216,zeta0p3,0.0405121520161628,0.0383405983448028
217,zeta0p3,0.0405021868646144,0.0383329465985298
218,zeta0p3,0.0404922515153884,0.0383253209292888
219,zeta0p3,0.0404823496937751,0.0383177176117897
220,zeta0p3,0.0404724925756454,0.0383101403713226
221,zeta0p3,0.040462676435709,0.0383025854825973
222,zeta0p3,0.0404528938233852,0.0382950603961944
223,zeta0p3,0.0404431447386741,0.0382875576615333
224,zeta0p3,0.0404334291815757,0.038280077278614
225,zeta0p3,0.0404237546026706,0.0382726229727268
226,zeta0p3,0.0404141135513782,0.0382651910185813
227,zeta0p3,0.0404045097529888,0.0382577925920486
228,zeta0p3,0.0403949357569217,0.0382504127919673
229,zeta0p3,0.0403853990137577,0.0382430590689182
230,zeta0p3,0.0403758995234966,0.0382357314229011
231,zeta0p3,0.0403664298355579,0.0382284224033355
232,zeta0p3,0.0403569936752319,0.0382211469113826
233,zeta0p3,0.0403475910425186,0.0382138937711715
234,zeta0p3,0.0403382144868373,0.0382066592574119
235,zeta0p3,0.0403288789093494,0.0381994508206844
236,zeta0p3,0.0403195805847644,0.038192268460989
237,zeta0p3,0.0403103083372116,0.038185104727745
238,zeta0p3,0.0403010547161102,0.0381779633462429
239,zeta0p3,0.0402918495237827,0.0381708443164825
240,zeta0p3,0.0402826704084873,0.0381637513637542
241,zeta0p3,0.040273517370224,0.038156684488058
242,zeta0p3,0.0402644015848636,0.0381496287882328
243,zeta0p3,0.0402553118765354,0.0381426066160202
244,zeta0p3,0.0402462519705295,0.0381355993449687
245,zeta0p3,0.0402372181415557,0.03812862560153
246,zeta0p3,0.0402282178401947,0.0381216593086719
247,zeta0p3,0.0402192547917366,0.0381147228181362
248,zeta0p3,0.0402103029191494,0.0381078086793422
249,zeta0p3,0.0402013882994651,0.0381009168922901
250,zeta0p3,0.0401925072073936,0.0380940474569797
251,zeta0p3,0.0401836484670639,0.0380871929228305
252,zeta0p3,0.0401748232543468,0.0380803719162941
253,zeta0p3,0.0401660203933715,0.0380735695362091
254,zeta0p3,0.0401572473347187,0.0380667820572853
255,zeta0p3,0.0401485003530979,0.038060013204813
256,zeta0p3,0.0401397794485092,0.0380532704293727
257,zeta0p3,0.0401310920715332,0.0380465500056743
258,zeta0p3,0.0401224233210086,0.0380398444831371
259,zeta0p3,0.0401137880980968,0.0380331575870513
260,zeta0p3,0.0401051715016365,0.0380264967679977
261,zeta0p3,0.0400965884327888,0.0380198508501052
262,zeta0p3,0.0400880202651023,0.0380132235586643
263,zeta0p3,0.0400794856250286,0.0380066148936748
264,zeta0p3,0.0400709733366966,0.0380000323057174
265,zeta0p3,0.040062490850687,0.0379934534430503
266,zeta0p3,0.0400540269911289,0.0379869043827056
267,zeta0p3,0.0400455966591835,0.0379803664982318
268,zeta0p3,0.0400371849536895,0.0379738546907901
269,zeta0p3,0.0400287993252277,0.0379673540592193
270,zeta0p3,0.0400204360485076,0.0379608795046806
271,zeta0p3,0.0400120988488197,0.0379544198513031
272,zeta0p3,0.0400037877261638,0.0379479676485061
273,zeta0p3,0.0399954915046691,0.0379415452480316
274,zeta0p3,0.0399872288107872,0.0379351414740085
275,zeta0p3,0.0399789921939373,0.0379287488758564
276,zeta0p3,0.0399707667529583,0.0379223823547363
277,zeta0p3,0.0399625748395919,0.0379160270094871
278,zeta0p3,0.0399543978273868,0.0379096940159797
279,zeta0p3,0.0399462468922138,0.0379033721983432
280,zeta0p3,0.0399381220340728,0.0378970727324485
281,zeta0p3,0.0399300158023834,0.0378907918930053
282,zeta0p3,0.0399219319224357,0.0378845296800136
283,zeta0p3,0.0399138741195201,0.0378782786428928
284,zeta0p3,0.0399058349430561,0.0378720499575138
285,zeta0p3,0.0398978181183338,0.0378658324480056
286,zeta0p3,0.0398898273706436,0.0378596410155296
287,zeta0p3,0.0398818515241146,0.0378534644842147
288,zeta0p3,0.0398739017546176,0.0378472991287708
289,zeta0p3,0.0398659668862819,0.0378411561250686
290,zeta0p3,0.0398580618202686,0.0378350280225276
291,zeta0p3,0.039850179105997,0.0378289185464382
292,zeta0p3,0.0398423112928867,0.0378228276968002
293,zeta0p3,0.0398344621062278,0.0378167480230331
294,zeta0p3,0.0398266352713108,0.0378106869757175
295,zeta0p3,0.0398188307881355,0.0378046482801437
296,zeta0p3,0.0398110449314117,0.0377986207604408
297,zeta0p3,0.0398032814264297,0.0377926118671894
298,zeta0p3,0.0397955328226089,0.0377866178750991
299,zeta0p3,0.0397878140211105,0.0377806425094604
300,zeta0p3,0.0397801101207733,0.0377746857702732
1,zeta0p5,0.040110420435667,0.0375203229486942
2,zeta0p5,0.0400465279817581,0.0374652594327926
3,zeta0p5,0.0399936139583587,0.0374142564833164
4,zeta0p5,0.0399442166090011,0.0373664796352386
5,zeta0p5,0.0398977026343345,0.0373242869973182
6,zeta0p5,0.0398566126823425,0.0372876338660717
7,zeta0p5,0.0398210138082504,0.0372549071907997
8,zeta0p5,0.0397893227636814,0.0372255705296993
9,zeta0p5,0.0397609435021877,0.0372000783681869
10,zeta0p5,0.0397362411022186,0.0371786393225193
11,zeta0p5,0.039715327322483,0.0371604934334754
12,zeta0p5,0.0396973527967929,0.03714419901371
13,zeta0p5,0.0396808460354805,0.0371286943554878
14,zeta0p5,0.0396647453308105,0.0371135361492633
15,zeta0p5,0.0396486036479473,0.0370984561741352
16,zeta0p5,0.0396321900188922,0.0370830185711383
17,zeta0p5,0.0396151058375835,0.0370667614042758
18,zeta0p5,0.0395969115197658,0.0370495431125164
19,zeta0p5,0.0395774990320205,0.0370316170156002
20,zeta0p5,0.03955714777112,0.0370133891701698
21,zeta0p5,0.0395362935960292,0.0369951277971267
22,zeta0p5,0.0395152270793914,0.0369769148528575
23,zeta0p5,0.0394940599799156,0.0369588397443294
24,zeta0p5,0.0394729264080524,0.0369410887360572
25,zeta0p5,0.0394520498812198,0.0369238406419754
26,zeta0p5,0.0394316464662551,0.0369071401655674
27,zeta0p5,0.0394117943942546,0.0368908271193504
28,zeta0p5,0.0393923856317997,0.0368747636675834
29,zeta0p5,0.0393732711672782,0.0368588678538799
30,zeta0p5,0.0393544100224971,0.0368430763483047
31,zeta0p5,0.0393357500433921,0.0368272624909877
32,zeta0p5,0.039317175745964,0.0368112437427043
33,zeta0p5,0.0392985045909881,0.0367948748171329
34,zeta0p5,0.0392795950174331,0.0367781221866607
35,zeta0p5,0.0392604246735572,0.0367609895765781
36,zeta0p5,0.0392409935593605,0.0367434695363044
37,zeta0p5,0.0392212755978107,0.0367255471646785
38,zeta0p5,0.0392012521624565,0.0367072597146034
39,zeta0p5,0.0391809418797493,0.0366886705160141
40,zeta0p5,0.0391604006290435,0.0366698615252971
41,zeta0p5,0.0391396842896938,0.0366508699953556
42,zeta0p5,0.0391188114881515,0.0366316922008991
43,zeta0p5,0.0390977822244167,0.036612369120121
44,zeta0p5,0.0390765778720378,0.0365928933024406
45,zeta0p5,0.0390552245080471,0.0365732684731483
46,zeta0p5,0.0390336848795414,0.0365534275770187
47,zeta0p5,0.0390118919312953,0.0365333259105682
48,zeta0p5,0.0389897786080837,0.0365129150450229
49,zeta0p5,0.0389673076570034,0.0364921577274799
50,zeta0p5,0.0389444306492805,0.0364710055291652
51,zeta0p5,0.0389210954308509,0.036449410021305
52,zeta0p5,0.0388972721993923,0.0364273563027381
53,zeta0p5,0.0388729274272918,0.0364048108458519
54,zeta0p5,0.0388480648398399,0.0363817848265171
55,zeta0p5,0.0388226732611656,0.0363582260906696
56,zeta0p5,0.0387967266142368,0.0363341085612773
57,zeta0p5,0.0387702137231826,0.0363093987107276
58,zeta0p5,0.0387430898845195,0.0362840257585048
59,zeta0p5,0.0387153141200542,0.0362579375505447
60,zeta0p5,0.0386868268251419,0.0362310446798801
61,zeta0p5,0.0386575497686862,0.0362032763659954
62,zeta0p5,0.0386274196207523,0.0361745655536651
63,zeta0p5,0.0385963656008243,0.036144845187664
64,zeta0p5,0.0385643206536769,0.0361140593886375
65,zeta0p5,0.0385312214493751,0.0360821560025215
66,zeta0p5,0.038497008383274,0.0360490791499614
67,zeta0p5,0.0384616404771804,0.0360147915780544
68,zeta0p5,0.0384250432252883,0.035979226231575
69,zeta0p5,0.0383871681988239,0.0359423197805881
70,zeta0p5,0.0383479371666908,0.0359039977192878
71,zeta0p5,0.0383072718977928,0.0358641780912876
72,zeta0p5,0.038265086710453,0.0358227789402008
73,zeta0p5,0.0382212959229946,0.0357797257602214
74,zeta0p5,0.0381758324801921,0.0357349663972854
75,zeta0p5,0.0381286293268203,0.0356884375214576
76,zeta0p5,0.0380796529352664,0.0356401093304157
77,zeta0p5,0.0380288660526275,0.0355899706482887
78,zeta0p5,0.0379762537777423,0.0355380102992057
79,zeta0p5,0.0379218347370624,0.0354842692613601
80,zeta0p5,0.0378656424582004,0.0354288034141063
81,zeta0p5,0.0378077402710914,0.0353717431426048
82,zeta0p5,0.0377482622861862,0.0353132709860801
83,zeta0p5,0.0376873910427093,0.0352536663413047
84,zeta0p5,0.0376254208385944,0.0351932980120182
85,zeta0p5,0.0375627316534519,0.0351326428353786
86,zeta0p5,0.03749980032444,0.0350723043084144
87,zeta0p5,0.0374372377991676,0.0350130014121532
88,zeta0p5,0.0373757742345333,0.0349556244909763
89,zeta0p5,0.0373163074254989,0.0349011719226837
90,zeta0p5,0.0372598655521869,0.0348507910966873
91,zeta0p5,0.0372075922787189,0.0348056182265281
92,zeta0p5,0.0371606461703777,0.0347666963934898
93,zeta0p5,0.037120047956705,0.034734658896923
94,zeta0p5,0.0370864421129226,0.0347095094621181
95,zeta0p5,0.0370597764849662,0.034690361469984
96,zeta0p5,0.037039116024971,0.0346754714846611
97,zeta0p5,0.0370226390659809,0.0346626080572605
98,zeta0p5,0.03700802475214,0.0346496403217315
99,zeta0p5,0.0369930416345596,0.034635055810213
100,zeta0p5,0.036976121366024,0.0346182435750961
101,zeta0p5,0.03695660084486,0.0345993973314762
102,zeta0p5,0.0369346514344215,0.0345792137086391
103,zeta0p5,0.0369110032916069,0.0345585979521274
104,zeta0p5,0.0368865840137004,0.0345383249223232
105,zeta0p5,0.0368622057139873,0.0345188975334167
106,zeta0p5,0.0368384309113025,0.0345005542039871
107,zeta0p5,0.0368155315518379,0.0344832986593246
108,zeta0p5,0.0367935597896575,0.0344669930636882
109,zeta0p5,0.036772433668375,0.0344514325261116
110,zeta0p5,0.0367519967257976,0.0344363674521446
111,zeta0p5,0.036732044070959,0.0344215892255306
112,zeta0p5,0.0367123931646347,0.0344069190323352
113,zeta0p5,0.0366929061710834,0.0343922600150108
114,zeta0p5,0.0366734974086284,0.0343775302171707
115,zeta0p5,0.0366541147232055,0.034362718462944
116,zeta0p5,0.0366347469389438,0.0343478210270404
117,zeta0p5,0.0366154015064239,0.0343328565359115
118,zeta0p5,0.0365961082279682,0.0343178696930408
119,zeta0p5,0.0365769229829311,0.0343029052019119
120,zeta0p5,0.0365578681230545,0.0342879965901374
121,zeta0p5,0.0365389883518219,0.034273162484169
122,zeta0p5,0.0365202762186527,0.0342584215104579
123,zeta0p5,0.0365017615258693,0.0342437922954559
124,zeta0p5,0.0364834368228912,0.0342292934656143
125,zeta0p5,0.0364653095602989,0.0342149473726749
126,zeta0p5,0.0364473760128021,0.0342007428407669
127,zeta0p5,0.0364296324551105,0.0341866984963417
128,zeta0p5,0.0364120677113533,0.0341727957129478
129,zeta0p5,0.0363946557044982,0.0341590270400047
130,zeta0p5,0.0363774001598358,0.0341453775763511
131,zeta0p5,0.0363602712750434,0.0341318361461162
132,zeta0p5,0.0363432504236698,0.0341183766722679
133,zeta0p5,0.0363263264298439,0.0341049917042255
134,zeta0p5,0.0363094769418239,0.0340916626155376
135,zeta0p5,0.0362926945090293,0.0340783819556236
136,zeta0p5,0.0362759791314601,0.0340651385486125
137,zeta0p5,0.036259327083826,0.0340519249439239
138,zeta0p5,0.0362427420914173,0.0340387560427188
139,zeta0p5,0.0362262353301048,0.0340256243944168
140,zeta0p5,0.0362098179757595,0.0340125374495983
141,zeta0p5,0.0361934937536716,0.0339994877576828
142,zeta0p5,0.0361772738397121,0.0339864790439605
143,zeta0p5,0.0361611731350421,0.0339735113084316
144,zeta0p5,0.0361451879143714,0.0339605882763862
145,zeta0p5,0.0361293070018291,0.0339477062225341
146,zeta0p5,0.0361135303974151,0.0339348502457141
147,zeta0p5,0.0360978543758392,0.0339220315217971
148,zeta0p5,0.0360822640359401,0.0339092500507831
149,zeta0p5,0.0360667668282985,0.0338965095579624
150,zeta0p5,0.0360513515770435,0.033883798867464
151,zeta0p5,0.036036018282175,0.0338711515069007
152,zeta0p5,0.0360207594931125,0.0338585525751113
153,zeta0p5,0.0360055789351463,0.0338460355997085
154,zeta0p5,0.0359904840588569,0.0338335856795311
155,zeta0p5,0.0359754674136638,0.0338212326169014
156,zeta0p5,0.0359605439007282,0.0338089764118194
157,zeta0p5,0.0359456948935985,0.0337968096137046
158,zeta0p5,0.035930935293436,0.0337847582995891
159,zeta0p5,0.0359162539243698,0.033772800117731
160,zeta0p5,0.0359016545116901,0.0337609499692916
161,zeta0p5,0.035887137055397,0.0337492041289806
162,zeta0p5,0.0358726903796196,0.0337375588715076
163,zeta0p5,0.035858329385519,0.0337260216474533
164,zeta0p5,0.0358440317213535,0.0337145701050758
165,zeta0p5,0.0358298197388649,0.0337032228708267
166,zeta0p5,0.0358156710863113,0.0336919650435447
167,zeta0p5,0.0358016043901443,0.0336807928979396
168,zeta0p5,0.0357876121997833,0.0336697101593017
169,zeta0p5,0.0357736945152282,0.0336586982011795
170,zeta0p5,0.0357598550617694,0.0336477607488632
171,zeta0p5,0.0357460863888263,0.0336368903517723
172,zeta0p5,0.0357323996722698,0.0336260832846164
173,zeta0p5,0.0357187874615192,0.0336153358221054
174,zeta0p5,0.0357052460312843,0.0336046330630779
175,zeta0p5,0.035691775381565,0.0335939824581146
176,zeta0p5,0.0356783829629421,0.0335833728313446
177,zeta0p5,0.0356650650501251,0.0335728153586387
178,zeta0p5,0.0356518104672431,0.0335622876882553
179,zeta0p5,0.0356386341154575,0.0335518009960651
180,zeta0p5,0.0356255285441875,0.0335413590073585
181,zeta0p5,0.0356124863028526,0.0335309468209743
182,zeta0p5,0.0355995260179042,0.0335205867886543
183,zeta0p5,0.035586629062891,0.0335102602839469
184,zeta0p5,0.035573810338974,0.0334999822080135
185,zeta0p5,0.0355610474944114,0.0334897488355636
186,zeta0p5,0.0355483591556549,0.0334795713424682
187,zeta0p5,0.035535741597414,0.0334694422781467
188,zeta0p5,0.0355231948196888,0.03345937281847
189,zeta0p5,0.0355107150971889,0.0334493666887283
190,zeta0p5,0.0354983061552047,0.0334394201636314
191,zeta0p5,0.0354859642684459,0.033429529517889
192,zeta0p5,0.0354736857116222,0.0334197171032428
193,zeta0p5,0.0354614816606044,0.0334099642932415
194,zeta0p5,0.035449344664812,0.0334002859890461
195,zeta0p5,0.035437274724245,0.0333906710147857
196,zeta0p5,0.0354252718389034,0.0333811268210411
197,zeta0p5,0.0354133285582065,0.0333716496825218
198,zeta0p5,0.0354014597833156,0.0333622395992279
199,zeta0p5,0.0353896543383598,0.0333528965711593
200,zeta0p5,0.0353779159486293,0.0333436131477355
201,zeta0p5,0.035366240888834,0.0333343967795372
202,zeta0p5,0.0353546328842639,0.0333252400159835
203,zeta0p5,0.035343088209629,0.033316146582365
204,zeta0p5,0.0353316105902195,0.0333071015775203
205,zeta0p5,0.035320196300745,0.0332981161773204
206,zeta0p5,0.0353088490664958,0.033289186656475
207,zeta0p5,0.0352975614368915,0.0332803167402744
208,zeta0p5,0.0352863445878028,0.0332714952528476
209,zeta0p5,0.0352751836180686,0.0332627221941947
210,zeta0p5,0.0352640859782695,0.0332540050148963
211,zeta0p5,0.0352530553936958,0.0332453437149524
212,zeta0p5,0.0352420881390571,0.0332367233932018
213,zeta0p5,0.0352311804890632,0.0332281626760959
214,zeta0p5,0.0352203324437141,0.0332196503877639
215,zeta0p5,0.0352095477283,0.0332111939787864
216,zeta0p5,0.0351988226175308,0.0332027822732925
217,zeta0p5,0.0351881608366966,0.0331944227218627
218,zeta0p5,0.0351775623857975,0.0331861227750778
219,zeta0p5,0.0351670160889625,0.0331778675317764
220,zeta0p5,0.0351565368473529,0.0331696644425392
221,zeta0p5,0.0351461134850978,0.0331615060567855
222,zeta0p5,0.0351357497274875,0.0331534035503864
223,zeta0p5,0.035125445574522,0.0331453531980514
224,zeta0p5,0.0351152047514915,0.0331373512744903
225,zeta0p5,0.0351050086319446,0.0331293977797031
226,zeta0p5,0.0350948795676231,0.0331214889883995
227,zeta0p5,0.0350848063826561,0.0331136360764503
228,zeta0p5,0.0350747890770435,0.0331058278679847
229,zeta0p5,0.035064835101366,0.033098068088293
230,zeta0p5,0.0350549295544624,0.0330903530120849
231,zeta0p5,0.0350450798869133,0.033082690089941
232,zeta0p5,0.0350352860987186,0.0330750681459903
233,zeta0p5,0.0350255481898784,0.0330674909055233
234,zeta0p5,0.0350158624351024,0.0330599583685398
235,zeta0p5,0.0350062362849712,0.0330524742603302
236,zeta0p5,0.0349966585636138,0.0330450311303138
237,zeta0p5,0.034987136721611,0.0330376327037811
238,zeta0p5,0.0349776670336723,0.033030267804861
239,zeta0p5,0.0349682494997978,0.0330229513347148
240,zeta0p5,0.0349588841199874,0.0330156721174716
241,zeta0p5,0.0349495708942413,0.0330084413290023
242,zeta0p5,0.0349403023719787,0.033001247793436
243,zeta0p5,0.0349310897290706,0.0329940877854824
244,zeta0p5,0.0349219292402267,0.032986968755722
245,zeta0p5,0.0349128097295761,0.0329798944294452
246,zeta0p5,0.0349037460982799,0.0329728499054908
247,zeta0p5,0.0348947271704673,0.03296585008502
248,zeta0p5,0.0348857641220092,0.0329588875174522
249,zeta0p5,0.0348768420517444,0.0329519659280777
250,zeta0p5,0.0348679646849632,0.0329450741410255
251,zeta0p5,0.0348591357469558,0.0329382270574569
252,zeta0p5,0.0348503589630126,0.0329314097762107
253,zeta0p5,0.0348416231572628,0.0329246297478675
254,zeta0p5,0.0348329357802867,0.032917883247137
255,zeta0p5,0.0348242931067943,0.0329111814498901
256,zeta0p5,0.0348156914114952,0.0329045020043849
257,zeta0p5,0.0348071344196796,0.0328978672623634
258,zeta0p5,0.0347986221313476,0.0328912623226642
259,zeta0p5,0.0347901545464992,0.0328846909105777
260,zeta0p5,0.0347817242145538,0.0328781567513942
261,zeta0p5,0.0347733348608017,0.0328716486692428
262,zeta0p5,0.0347649939358234,0.0328651703894138
263,zeta0p5,0.0347566902637481,0.0328587256371974
264,zeta0p5,0.0347484275698661,0.0328523144125938
265,zeta0p5,0.0347402058541774,0.0328459292650222
266,zeta0p5,0.0347320213913917,0.0328395739197731
267,zeta0p5,0.034723874181509,0.0328332483768463
268,zeta0p5,0.0347157754004001,0.0328269526362419
269,zeta0p5,0.0347077064216136,0.0328206829726696
270,zeta0p5,0.0346996821463108,0.0328144431114196
271,zeta0p5,0.0346916876733303,0.0328082293272018
272,zeta0p5,0.034683734178543,0.0328020416200161
273,zeta0p5,0.0346758142113685,0.032795887440443
274,zeta0p5,0.034667931497097,0.0327897481620311
275,zeta0p5,0.0346600823104381,0.0327836424112319
276,zeta0p5,0.0346522778272628,0.0327775590121746
277,zeta0p5,0.0346444994211196,0.0327715054154396
278,zeta0p5,0.0346367545425891,0.0327654704451561
279,zeta0p5,0.0346290431916713,0.0327594615519046
280,zeta0p5,0.0346213690936565,0.032753475010395
281,zeta0p5,0.0346137322485446,0.0327475182712078
282,zeta0p5,0.0346061177551746,0.0327415764331817
283,zeta0p5,0.0345985442399978,0.0327356606721878
284,zeta0p5,0.0345909968018531,0.0327297709882259
285,zeta0p5,0.0345834866166114,0.0327239073812961
286,zeta0p5,0.0345760025084018,0.0327180586755275
287,zeta0p5,0.0345685482025146,0.0327122248709201
288,zeta0p5,0.0345611274242401,0.0327064245939254
289,zeta0p5,0.0345537364482879,0.0327006429433822
290,zeta0p5,0.0345463715493679,0.0326948799192905
291,zeta0p5,0.0345390401780605,0.0326891392469406
292,zeta0p5,0.0345317311584949,0.0326834134757518
293,zeta0p5,0.0345244593918323,0.0326777137815952
294,zeta0p5,0.0345172099769115,0.0326720289885997
295,zeta0p5,0.0345099866390228,0.0326663702726364
296,zeta0p5,0.034502800554037,0.0326607264578342
297,zeta0p5,0.0344956405460834,0.0326551310718059
298,zeta0p5,0.0344885289669036,0.0326496064662933
299,zeta0p5,0.0344815105199813,0.032644335180521
300,zeta0p5,0.0344747193157672,0.0326391607522964
1,zeta0p8,0.0380813218653202,0.0355447195470333
2,zeta0p8,0.0380368456244468,0.035517618060112
3,zeta0p8,0.0380033291876316,0.0354915559291839
4,zeta0p8,0.0379711352288723,0.0354631394147872
5,zeta0p8,0.0379367768764495,0.0354340448975563
6,zeta0p8,0.0379018746316432,0.0354058966040611
7,zeta0p8,0.0378680452704429,0.0353790037333965
8,zeta0p8,0.0378356017172336,0.0353525578975677
9,zeta0p8,0.0378037877380847,0.0353255979716777
10,zeta0p8,0.0377716310322284,0.0352977328002452
11,zeta0p8,0.0377387441694736,0.0352691300213336
12,zeta0p8,0.0377052649855613,0.0352401807904243
13,zeta0p8,0.0376715846359729,0.0352112278342247
14,zeta0p8,0.037637997418642,0.0351824127137661
15,zeta0p8,0.0376046262681484,0.0351536981761455
16,zeta0p8,0.0375713855028152,0.0351249948143959
17,zeta0p8,0.0375381559133529,0.0350962840020656
18,zeta0p8,0.0375048667192459,0.0350676998496055
19,zeta0p8,0.0374716110527515,0.0350394397974014
20,zeta0p8,0.0374385751783847,0.0350116789340972
21,zeta0p8,0.0374059118330478,0.0349844545125961
22,zeta0p8,0.0373736396431922,0.0349576473236084
23,zeta0p8,0.0373416431248188,0.0349310934543609
24,zeta0p8,0.037309743463993,0.0349046811461448
25,zeta0p8,0.037277840077877,0.0348784364759922
26,zeta0p8,0.037245973944664,0.0348524823784828
27,zeta0p8,0.0372142568230629,0.0348269045352935
28,zeta0p8,0.0371828153729438,0.0348017364740371
29,zeta0p8,0.0371516942977905,0.0347769819200038
30,zeta0p8,0.0371209196746349,0.0347526036202907
31,zeta0p8,0.0370905101299285,0.0347286164760589
32,zeta0p8,0.0370604880154132,0.0347049906849861
33,zeta0p8,0.0370309017598629,0.0346816927194595
34,zeta0p8,0.037001721560955,0.0346586555242538
35,zeta0p8,0.0369729101657867,0.0346357934176921
36,zeta0p8,0.0369444191455841,0.0346130952239036
37,zeta0p8,0.0369162112474441,0.0345906317234039
38,zeta0p8,0.036888338625431,0.0345684364438056
39,zeta0p8,0.0368608199059963,0.0345465429127216
40,zeta0p8,0.0368336401879787,0.0345249138772487
41,zeta0p8,0.0368067398667335,0.0345034748315811
42,zeta0p8,0.0367800258100032,0.034482192248106
43,zeta0p8,0.0367534719407558,0.0344610586762428
44,zeta0p8,0.0367270745337009,0.0344400703907012
45,zeta0p8,0.0367008745670318,0.0344191752374172
46,zeta0p8,0.0366748496890068,0.0343983210623264
47,zeta0p8,0.0366489775478839,0.0343774333596229
48,zeta0p8,0.0366232208907604,0.0343564860522747
49,zeta0p8,0.0365975610911846,0.034335508942604
50,zeta0p8,0.0365720018744468,0.0343145169317722
51,zeta0p8,0.036546554416418,0.0342935435473918
52,zeta0p8,0.0365212187170982,0.0342726223170757
53,zeta0p8,0.0364959947764873,0.0342517681419849
54,zeta0p8,0.0364708788692951,0.0342309959232807
55,zeta0p8,0.036445889621973,0.0342103131115436
56,zeta0p8,0.0364210158586502,0.0341897085309028
57,zeta0p8,0.0363962687551975,0.0341691821813583
58,zeta0p8,0.0363716557621955,0.0341487415134906
59,zeta0p8,0.0363472066819667,0.0341283977031707
60,zeta0p8,0.0363229215145111,0.0341081582009792
61,zeta0p8,0.0362988039851188,0.0340880267322063
62,zeta0p8,0.0362748652696609,0.0340680181980133
63,zeta0p8,0.0362511053681373,0.0340481661260128
64,zeta0p8,0.0362275466322898,0.0340284928679466
65,zeta0p8,0.0362041890621185,0.0340090133249759
66,zeta0p8,0.0361810587346553,0.033989742398262
67,zeta0p8,0.0361581556499004,0.0339706987142562
68,zeta0p8,0.0361354723572731,0.0339518822729587
69,zeta0p8,0.0361130349338054,0.0339333042502403
70,zeta0p8,0.0360908359289169,0.0339149869978427
71,zeta0p8,0.0360689014196395,0.0338969193398952
72,zeta0p8,0.0360472239553928,0.033879105001688
73,zeta0p8,0.0360258184373378,0.0338615328073501
74,zeta0p8,0.0360046774148941,0.0338442176580429
75,zeta0p8,0.0359838008880615,0.0338271483778953
76,zeta0p8,0.0359632074832916,0.0338103547692298
77,zeta0p8,0.0359428897500038,0.0337938293814659
78,zeta0p8,0.0359228439629077,0.0337775908410549
79,zeta0p8,0.0359030701220035,0.0337616354227066
80,zeta0p8,0.0358835570514202,0.03374595195055
81,zeta0p8,0.0358643122017383,0.0337305292487144
82,zeta0p8,0.0358453206717968,0.0337153375148773
83,zeta0p8,0.0358265750110149,0.0337003581225872
84,zeta0p8,0.0358080714941024,0.0336855761706829
85,zeta0p8,0.0357897914946079,0.0336709842085838
86,zeta0p8,0.0357717238366603,0.033656571060419
87,zeta0p8,0.0357538759708404,0.0336423404514789
88,zeta0p8,0.0357362255454063,0.033628299832344
89,zeta0p8,0.0357187613844871,0.0336144380271434
90,zeta0p8,0.0357014872133731,0.0336007289588451
91,zeta0p8,0.0356843844056129,0.0335871614515781
92,zeta0p8,0.0356674455106258,0.0335737094283103
93,zeta0p8,0.0356506705284118,0.0335603579878807
94,zeta0p8,0.0356340557336807,0.0335471183061599
95,zeta0p8,0.0356175936758518,0.033533975481987
96,zeta0p8,0.0356012806296348,0.033520933240652
97,zeta0p8,0.0355851091444492,0.0335080064833164
98,zeta0p8,0.0355690792202949,0.0334951840341091
99,zeta0p8,0.0355531983077526,0.0334824621677398
100,zeta0p8,0.0355374477803707,0.0334698408842086
101,zeta0p8,0.0355218388140201,0.0334573052823543
102,zeta0p8,0.0355063565075397,0.0334448590874671
103,zeta0p8,0.0354910120368003,0.0334324948489666
104,zeta0p8,0.0354757942259311,0.0334202162921428
105,zeta0p8,0.0354607105255126,0.0334080345928669
106,zeta0p8,0.0354457534849643,0.0333959497511386
107,zeta0p8,0.0354309193789958,0.0333839692175388
108,zeta0p8,0.0354162007570266,0.0333720743656158
109,zeta0p8,0.0354016162455081,0.0333602800965309
110,zeta0p8,0.0353871434926986,0.0333485752344131
111,zeta0p8,0.0353727899491786,0.0333369635045528
112,zeta0p8,0.0353585518896579,0.0333254374563694
113,zeta0p8,0.0353444255888462,0.0333140008151531
114,zeta0p8,0.0353304035961627,0.0333026573061943
115,zeta0p8,0.035316489636898,0.0332914069294929
116,zeta0p8,0.0353026799857616,0.033280249685049
117,zeta0p8,0.0352889783680439,0.033269178122282
118,zeta0p8,0.0352753698825836,0.0332581959664821
119,zeta0p8,0.0352618619799613,0.0332472920417785
120,zeta0p8,0.0352484546601772,0.0332364700734615
121,zeta0p8,0.0352351367473602,0.033225730061531
122,zeta0p8,0.0352219119668006,0.0332150682806968
123,zeta0p8,0.035208772867918,0.0332044847309589
124,zeta0p8,0.0351957306265831,0.0331939831376075
125,zeta0p8,0.035182774066925,0.0331835523247718
126,zeta0p8,0.0351698994636535,0.0331731960177421
127,zeta0p8,0.0351571105420589,0.0331629104912281
128,zeta0p8,0.0351444035768508,0.0331526882946491
129,zeta0p8,0.0351317822933197,0.0331425443291664
130,zeta0p8,0.0351192392408847,0.0331324525177478
131,zeta0p8,0.0351067818701267,0.0331224352121353
132,zeta0p8,0.0350944027304649,0.0331124812364578
133,zeta0p8,0.0350820980966091,0.0331025868654251
134,zeta0p8,0.0350698679685592,0.0330927520990371
135,zeta0p8,0.0350577160716056,0.0330829843878746
136,zeta0p8,0.0350456461310386,0.0330732688307762
137,zeta0p8,0.0350336395204067,0.0330636166036129
138,zeta0p8,0.0350217074155807,0.0330540165305137
139,zeta0p8,0.0350098572671413,0.0330444723367691
140,zeta0p8,0.0349980629980564,0.0330349840223789
141,zeta0p8,0.0349863432347774,0.0330255515873432
142,zeta0p8,0.0349747017025947,0.0330161713063716
143,zeta0p8,0.0349631160497665,0.0330068431794643
144,zeta0p8,0.0349516049027442,0.0329975672066211
145,zeta0p8,0.034940168261528,0.0329883471131324
146,zeta0p8,0.0349287837743759,0.032979167997837
147,zeta0p8,0.0349174700677394,0.032970055937767
148,zeta0p8,0.0349062234163284,0.0329609811305999
149,zeta0p8,0.0348950326442718,0.0329519659280777
150,zeta0p8,0.0348839126527309,0.032942995429039
151,zeta0p8,0.0348728522658348,0.0329340733587741
152,zeta0p8,0.0348618514835834,0.0329251997172832
153,zeta0p8,0.0348509065806865,0.0329163782298564
154,zeta0p8,0.0348400324583053,0.0329075939953327
155,zeta0p8,0.0348292030394077,0.0328988656401634
156,zeta0p8,0.034818448126316,0.0328901782631874
157,zeta0p8,0.0348077416419982,0.0328815393149852
158,zeta0p8,0.0347970910370349,0.0328729450702667
159,zeta0p8,0.0347865037620067,0.0328643955290317
160,zeta0p8,0.0347759649157524,0.03285588696599
161,zeta0p8,0.0347654856741428,0.0328474231064319
162,zeta0p8,0.034755066037178,0.0328390002250671
163,zeta0p8,0.0347446911036968,0.0328306257724761
164,zeta0p8,0.03473437204957,0.0328222885727882
165,zeta0p8,0.0347241051495075,0.0328139960765838
166,zeta0p8,0.0347138941287994,0.0328057408332824
167,zeta0p8,0.0347037315368652,0.0327975265681743
168,zeta0p8,0.0346936210989952,0.0327893532812595
169,zeta0p8,0.0346835628151893,0.0327812135219574
170,zeta0p8,0.034673549234867,0.0327731184661388
171,zeta0p8,0.0346635803580284,0.0327650606632232
172,zeta0p8,0.0346536710858345,0.0327570363879203
173,zeta0p8,0.0346438139677047,0.0327490530908107
174,zeta0p8,0.034633994102478,0.0327411070466041
175,zeta0p8,0.0346242226660251,0.0327331982553005
176,zeta0p8,0.0346144996583461,0.0327253229916095
177,zeta0p8,0.034604825079441,0.0327174887061119
178,zeta0p8,0.0345951989293098,0.0327096879482269
179,zeta0p8,0.0345856100320816,0.0327019207179546
180,zeta0p8,0.0345760695636272,0.0326941907405853
181,zeta0p8,0.0345665737986564,0.0326864942908287
182,zeta0p8,0.0345571227371692,0.0326788313686847
183,zeta0p8,0.0345477163791656,0.0326712019741535
184,zeta0p8,0.0345383509993553,0.0326636061072349
185,zeta0p8,0.0345290265977382,0.032656043767929
186,zeta0p8,0.0345197468996048,0.0326485149562358
187,zeta0p8,0.0345105081796646,0.0326410196721553
188,zeta0p8,0.0345013029873371,0.0326335541903972
189,zeta0p8,0.0344921499490737,0.0326261259615421
190,zeta0p8,0.0344830341637134,0.0326187275350093
191,zeta0p8,0.0344739556312561,0.032611358910799
192,zeta0p8,0.034464918076992,0.0326040238142013
193,zeta0p8,0.0344559215009212,0.0325967110693454
194,zeta0p8,0.0344469659030437,0.0325894318521022
195,zeta0p8,0.0344380475580692,0.0325821861624717
196,zeta0p8,0.0344291590154171,0.0325749702751636
197,zeta0p8,0.0344203151762485,0.0325677767395973
198,zeta0p8,0.0344115085899829,0.0325606167316436
199,zeta0p8,0.0344027355313301,0.0325534828007221
200,zeta0p8,0.0343939997255802,0.0325463786721229
201,zeta0p8,0.0343852937221527,0.0325393043458461
202,zeta0p8,0.034376636147499,0.0325322523713111
203,zeta0p8,0.0343680083751678,0.0325252264738082
204,zeta0p8,0.0343594178557395,0.0325182303786277
205,zeta0p8,0.0343508571386337,0.032511256635189
206,zeta0p8,0.0343423336744308,0.0325043126940727
207,zeta0p8,0.0343338400125503,0.0324973985552787
208,zeta0p8,0.0343253836035728,0.0324905030429363
209,zeta0p8,0.0343169569969177,0.0324836336076259
210,zeta0p8,0.0343085676431655,0.0324767902493476
211,zeta0p8,0.0343002118170261,0.0324699729681015
212,zeta0p8,0.0342918820679187,0.0324631780385971
213,zeta0p8,0.0342835821211338,0.0324564017355442
214,zeta0p8,0.0342753157019615,0.0324496552348136
215,zeta0p8,0.0342670865356922,0.0324429310858249
216,zeta0p8,0.034258883446455,0.032436229288578
217,zeta0p8,0.0342507101595401,0.0324295535683631
218,zeta0p8,0.0342425666749477,0.0324228964745998
219,zeta0p8,0.0342344604432582,0.0324162617325782
220,zeta0p8,0.0342263765633106,0.0324096530675888
221,zeta0p8,0.0342183224856853,0.0324030630290508
222,zeta0p8,0.0342102982103824,0.0323964953422546
223,zeta0p8,0.0342023000121116,0.0323899462819099
224,zeta0p8,0.0341943278908729,0.032383419573307
225,zeta0p8,0.0341863892972469,0.0323769152164459
226,zeta0p8,0.034178476780653,0.0323704332113266
227,zeta0p8,0.0341705903410911,0.0323639661073684
228,zeta0p8,0.0341627299785614,0.0323575250804424
229,zeta0p8,0.0341548956930637,0.0323510989546775
230,zeta0p8,0.0341470912098884,0.0323446914553642
231,zeta0p8,0.0341393128037452,0.0323383063077926
232,zeta0p8,0.0341315567493438,0.0323319397866725
233,zeta0p8,0.0341238267719745,0.0323255956172943
234,zeta0p8,0.034116119146347,0.0323192626237869
235,zeta0p8,0.0341084450483322,0.0323129519820213
236,zeta0p8,0.0341007858514785,0.0323066636919975
237,zeta0p8,0.0340931564569473,0.0323003828525543
238,zeta0p8,0.0340855531394481,0.0322941318154335
239,zeta0p8,0.0340779721736907,0.0322878919541835
240,zeta0p8,0.0340704098343849,0.0322816744446754
241,zeta0p8,0.0340628735721111,0.0322754643857479
242,zeta0p8,0.0340553633868694,0.0322692804038524
243,zeta0p8,0.0340478718280792,0.0322631038725376
244,zeta0p8,0.0340404063463211,0.0322569496929645
245,zeta0p8,0.0340329557657241,0.0322508104145526
246,zeta0p8,0.0340255387127399,0.0322446934878826
247,zeta0p8,0.0340181365609169,0.0322385840117931
248,zeta0p8,0.0340107567608356,0.0322324894368648
249,zeta0p8,0.0340033955872058,0.032226413488388
250,zeta0p8,0.0339960567653179,0.0322203561663627
251,zeta0p8,0.0339887365698814,0.0322143137454986
252,zeta0p8,0.033981442451477,0.0322082787752151
253,zeta0p8,0.0339741706848144,0.0322022661566734
254,zeta0p8,0.033966913819313,0.0321962647140026
255,zeta0p8,0.0339596755802631,0.0321902781724929
256,zeta0p8,0.0339524634182453,0.0321843065321445
257,zeta0p8,0.0339452624320983,0.032178346067667
258,zeta0p8,0.0339380837976932,0.0321724042296409
259,zeta0p8,0.0339309275150299,0.0321664772927761
260,zeta0p8,0.0339237824082374,0.0321605578064918
261,zeta0p8,0.0339166633784771,0.032154656946659
262,zeta0p8,0.0339095592498779,0.0321487635374069
263,zeta0p8,0.0339024774730205,0.0321428850293159
264,zeta0p8,0.0338954105973243,0.0321370214223861
265,zeta0p8,0.0338883623480796,0.0321311727166175
266,zeta0p8,0.0338813289999961,0.0321253314614295
267,zeta0p8,0.0338743180036544,0.0321195013821125
268,zeta0p8,0.0338673219084739,0.0321136899292469
269,zeta0p8,0.0338603407144546,0.0321078896522522
270,zeta0p8,0.0338533744215965,0.0321021005511283
271,zeta0p8,0.0338464267551898,0.0320963151752948
272,zeta0p8,0.033839501440525,0.0320905558764934
273,zeta0p8,0.0338325873017311,0.0320848003029823
274,zeta0p8,0.0338256880640983,0.0320790521800518
275,zeta0p8,0.0338188074529171,0.0320733226835727
276,zeta0p8,0.0338119380176067,0.0320676006376743
277,zeta0p8,0.0338050872087478,0.0320618897676467
278,zeta0p8,0.0337982587516307,0.0320561863481998
279,zeta0p8,0.0337914377450943,0.0320505015552043
280,zeta0p8,0.033784631639719,0.0320448242127895
281,zeta0p8,0.0337778404355049,0.0320391580462455
282,zeta0p8,0.0337710678577423,0.0320334956049919
283,zeta0p8,0.0337643064558506,0.0320278480648994
284,zeta0p8,0.0337575562298297,0.0320222079753875
285,zeta0p8,0.0337508283555507,0.0320165865123271
286,zeta0p8,0.0337441079318523,0.0320109687745571
287,zeta0p8,0.0337374024093151,0.0320053584873676
288,zeta0p8,0.0337307155132293,0.0319997631013393
289,zeta0p8,0.0337240397930145,0.0319941714406013
290,zeta0p8,0.0337173715233802,0.0319885984063148
291,zeta0p8,0.0337107256054878,0.0319830253720283
292,zeta0p8,0.0337040871381759,0.0319774635136127
293,zeta0p8,0.033697459846735,0.031971912831068
294,zeta0p8,0.0336908474564552,0.0319663695991039
295,zeta0p8,0.0336842499673366,0.0319608338177204
296,zeta0p8,0.0336776636540889,0.0319553054869174
297,zeta0p8,0.0336710847914218,0.0319497883319854
298,zeta0p8,0.0336645282804966,0.031944278627634
299,zeta0p8,0.0336579792201519,0.0319387800991535
300,zeta0p8,0.0336514413356781,0.0319332890212535
1,zeta1p2,0.043088961392641,0.0404025539755821
2,zeta1p2,0.0429190061986446,0.0402588360011577
3,zeta1p2,0.0427634678781032,0.0401284024119377
4,zeta1p2,0.0426214449107646,0.0400104522705078
5,zeta1p2,0.0424921028316021,0.0399044752120971
6,zeta1p2,0.0423749312758445,0.0398101173341274
7,zeta1p2,0.0422695763409137,0.0397270806133747
8,zeta1p2,0.0421757884323596,0.0396550446748733
9,zeta1p2,0.0420932732522487,0.0395935364067554
10,zeta1p2,0.0420215986669063,0.0395417734980583
11,zeta1p2,0.0419600494205951,0.0394986122846603
12,zeta1p2,0.0419075489044189,0.0394625253975391
13,zeta1p2,0.0418626405298709,0.0394316799938678
14,zeta1p2,0.0418235510587692,0.0394041463732719
15,zeta1p2,0.0417883954942226,0.0393781550228595
16,zeta1p2,0.0417554415762424,0.0393522605299949
17,zeta1p2,0.0417232476174831,0.0393253937363624
18,zeta1p2,0.0416907221078872,0.0392968021333217
19,zeta1p2,0.0416571050882339,0.0392660610377788
20,zeta1p2,0.0416219346225261,0.0392330102622509
21,zeta1p2,0.0415849983692169,0.0391977280378341
22,zeta1p2,0.0415463261306285,0.0391604751348495
23,zeta1p2,0.041506141424179,0.0391216464340686
24,zeta1p2,0.0414647608995437,0.0390816889703273
25,zeta1p2,0.0414225682616233,0.0390410386025905
26,zeta1p2,0.0413799434900283,0.0390000864863395
27,zeta1p2,0.0413372032344341,0.0389591418206691
28,zeta1p2,0.0412946194410324,0.0389184206724166
29,zeta1p2,0.0412523187696933,0.0388780497014522
30,zeta1p2,0.0412104092538356,0.0388380922377109
31,zeta1p2,0.0411688946187496,0.0387985557317733
32,zeta1p2,0.0411277450621128,0.0387593992054462
33,zeta1p2,0.0410868674516677,0.0387205481529235
34,zeta1p2,0.0410461872816085,0.0386819019913673
35,zeta1p2,0.041005540639162,0.0386433228850364
36,zeta1p2,0.0409648045897483,0.0386046543717384
37,zeta1p2,0.0409237891435623,0.0385657586157321
38,zeta1p2,0.0408823490142822,0.038526501506567
39,zeta1p2,0.0408403314650058,0.0384867675602436
40,zeta1p2,0.0407976135611534,0.0384464673697948
41,zeta1p2,0.0407541021704673,0.0384055525064468
42,zeta1p2,0.0407097339630126,0.0383639745414257
43,zeta1p2,0.040664467960596,0.0383217185735702
44,zeta1p2,0.0406182967126369,0.0382788181304931
45,zeta1p2,0.0405712276697158,0.0382353104650974
46,zeta1p2,0.0405233353376388,0.0381912738084793
47,zeta1p2,0.0404747053980827,0.0381468310952186
48,zeta1p2,0.0404254682362079,0.0381021052598953
49,zeta1p2,0.0403757728636264,0.0380572639405727
50,zeta1p2,0.0403258055448532,0.0380124822258949
51,zeta1p2,0.0402757674455642,0.0379679761826992
52,zeta1p2,0.0402258858084678,0.037923976778984
53,zeta1p2,0.0401764214038848,0.0378807559609413
54,zeta1p2,0.0401276499032974,0.0378385931253433
55,zeta1p2,0.040079865604639,0.0377977788448333
56,zeta1p2,0.0400333851575851,0.0377586185932159
57,zeta1p2,0.0399885140359401,0.0377213917672634
58,zeta1p2,0.0399455577135086,0.0376863703131675
59,zeta1p2,0.0399048067629337,0.037653736770153
60,zeta1p2,0.0398664586246013,0.0376235693693161
61,zeta1p2,0.0398306138813495,0.0375958196818828
62,zeta1p2,0.0397972278296947,0.037570271641016
63,zeta1p2,0.0397661104798316,0.0375465787947177
64,zeta1p2,0.0397369302809238,0.0375243015587329
65,zeta1p2,0.0397092625498771,0.0375029891729354
66,zeta1p2,0.0396826714277267,0.0374821871519088
67,zeta1p2,0.0396567694842815,0.0374615378677845
68,zeta1p2,0.0396312326192855,0.0374407656490802
69,zeta1p2,0.03960582613945,0.0374196544289588
70,zeta1p2,0.0395803898572921,0.0373980887234211
71,zeta1p2,0.0395548194646835,0.0373760424554348
72,zeta1p2,0.0395291075110435,0.0373535752296447
73,zeta1p2,0.0395033024251461,0.0373308286070823
74,zeta1p2,0.0394775308668613,0.037307996302843
75,zeta1p2,0.0394519492983818,0.0372852869331836
76,zeta1p2,0.0394267067313194,0.0372628793120384
77,zeta1p2,0.039401963353157,0.0372409261763095
78,zeta1p2,0.0393778011202812,0.0372195169329643
79,zeta1p2,0.0393542572855949,0.0371986664831638
80,zeta1p2,0.0393313243985176,0.0371783971786499
81,zeta1p2,0.0393089689314365,0.037158690392971
82,zeta1p2,0.0392871350049972,0.0371394976973533
83,zeta1p2,0.0392657667398452,0.0371208041906356
84,zeta1p2,0.0392448343336582,0.0371025428175926
85,zeta1p2,0.039224274456501,0.0370846763253212
86,zeta1p2,0.0392040647566318,0.0370671451091766
87,zeta1p2,0.0391841568052768,0.0370498970150947
88,zeta1p2,0.0391645170748233,0.0370328798890113
89,zeta1p2,0.039145104587078,0.0370160639286041
90,zeta1p2,0.0391258895397186,0.0369994230568409
91,zeta1p2,0.039106860756874,0.0369829609990119
92,zeta1p2,0.0390880107879638,0.0369666703045368
93,zeta1p2,0.0390693321824073,0.0369505770504474
94,zeta1p2,0.0390508212149143,0.036934670060873
95,zeta1p2,0.0390324741601944,0.0369189605116844
96,zeta1p2,0.0390143096446991,0.0369034446775913
97,zeta1p2,0.0389963015913963,0.0368881151080131
98,zeta1p2,0.0389784462749958,0.036872960627079
99,zeta1p2,0.0389607399702072,0.0368579775094985
100,zeta1p2,0.0389431864023208,0.0368431583046913
101,zeta1p2,0.0389257706701755,0.036828476935625
102,zeta1p2,0.0389085002243518,0.0368139185011386
103,zeta1p2,0.0388913713395595,0.0367994681000709
104,zeta1p2,0.0388743765652179,0.0367851071059703
105,zeta1p2,0.0388575084507465,0.0367708131670951
106,zeta1p2,0.0388407707214355,0.036756582558155
107,zeta1p2,0.0388241559267044,0.0367424190044403
108,zeta1p2,0.0388076603412628,0.0367283299565315
109,zeta1p2,0.038791287690401,0.0367143042385578
110,zeta1p2,0.0387750342488288,0.0367003642022609
111,zeta1p2,0.0387588962912559,0.0366865210235118
112,zeta1p2,0.0387428812682628,0.0366727672517299
113,zeta1p2,0.0387269742786884,0.0366591103374958
114,zeta1p2,0.0387111864984035,0.0366455428302288
115,zeta1p2,0.038695503026247,0.0366320721805095
116,zeta1p2,0.0386799313127994,0.0366186872124671
117,zeta1p2,0.0386644676327705,0.0366053879261016
118,zeta1p2,0.0386491045355796,0.0365921705961227
119,zeta1p2,0.0386338457465171,0.0365790165960788
120,zeta1p2,0.0386186875402927,0.0365659296512603
121,zeta1p2,0.038603626191616,0.0365529172122478
122,zeta1p2,0.0385886579751968,0.03653996437788
123,zeta1p2,0.0385737866163253,0.0365270860493183
124,zeta1p2,0.0385590083897113,0.0365142859518528
125,zeta1p2,0.0385443195700645,0.0365015640854835
126,zeta1p2,0.0385297238826751,0.0364889316260814
127,zeta1p2,0.0385152138769626,0.0364763885736465
128,zeta1p2,0.0385007970035076,0.0364639312028884
129,zeta1p2,0.0384864583611488,0.0364515632390975
130,zeta1p2,0.0384722165763378,0.0364392772316932
131,zeta1p2,0.038458053022623,0.0364270620048046
132,zeta1p2,0.0384439788758754,0.0364149287343025
133,zeta1p2,0.0384299792349338,0.0364028699696064
134,zeta1p2,0.0384160727262496,0.0363908782601356
135,zeta1p2,0.0384022444486618,0.0363789498805999
136,zeta1p2,0.0383884906768798,0.0363670885562896
137,zeta1p2,0.0383748225867748,0.0363553017377853
138,zeta1p2,0.038361232727766,0.036343578249216
139,zeta1p2,0.0383477173745632,0.0363319180905818
140,zeta1p2,0.0383342765271663,0.0363203398883342
141,zeta1p2,0.0383209139108657,0.036308828741312
142,zeta1p2,0.0383076258003711,0.0362973846495151
143,zeta1p2,0.0382944084703922,0.0362860113382339
144,zeta1p2,0.0382812619209289,0.0362747013568878
145,zeta1p2,0.0382681787014007,0.0362634547054767
146,zeta1p2,0.0382551737129688,0.0362522639334201
147,zeta1p2,0.0382422320544719,0.0362411364912986
148,zeta1p2,0.0382293611764907,0.036230057477951
149,zeta1p2,0.038216546177864,0.0362190417945385
150,zeta1p2,0.0382038131356239,0.0362080819904804
151,zeta1p2,0.0381911359727382,0.0361971743404865
152,zeta1p2,0.0381785258650779,0.036186333745718
153,zeta1p2,0.0381659753620624,0.036175537854433
154,zeta1p2,0.038153488188982,0.0361648090183734
155,zeta1p2,0.0381410680711269,0.0361541360616683
156,zeta1p2,0.0381287112832069,0.0361435189843177
157,zeta1p2,0.0381164066493511,0.0361329540610313
158,zeta1p2,0.0381041653454303,0.036122441291809
159,zeta1p2,0.0380919873714447,0.0361119881272316
160,zeta1p2,0.0380798615515232,0.0361015722155571
161,zeta1p2,0.0380677953362464,0.0360912084579467
162,zeta1p2,0.0380557887256145,0.0360808931291103
163,zeta1p2,0.0380438342690467,0.0360706262290477
164,zeta1p2,0.0380319356918334,0.036060407757759
165,zeta1p2,0.0380200892686843,0.0360502339899539
166,zeta1p2,0.03800830245018,0.036040112376213
167,zeta1p2,0.0379965677857399,0.036030039191246
168,zeta1p2,0.0379848852753639,0.0360200032591819
169,zeta1p2,0.0379732549190521,0.0360100194811821
170,zeta1p2,0.0379616729915142,0.0360000804066658
171,zeta1p2,0.0379501469433307,0.0359901823103427
172,zeta1p2,0.0379386767745018,0.0359803289175033
173,zeta1p2,0.0379272475838661,0.0359705090522766
174,zeta1p2,0.0379158668220043,0.0359607338905334
175,zeta1p2,0.0379045456647872,0.0359510034322738
176,zeta1p2,0.0378932654857635,0.0359413102269172
177,zeta1p2,0.0378820337355136,0.0359316542744636
178,zeta1p2,0.0378708466887474,0.0359220430254936
179,zeta1p2,0.037859708070755,0.0359124690294265
180,zeta1p2,0.0378486141562461,0.0359029397368431
181,zeta1p2,0.0378375798463821,0.0358934439718723
182,zeta1p2,0.0378265753388404,0.0358839929103851
183,zeta1p2,0.0378156155347824,0.0358745791018009
184,zeta1p2,0.0378047078847885,0.0358651988208293
185,zeta1p2,0.0377938374876976,0.0358558595180511
186,zeta1p2,0.0377830155193805,0.0358465574681758
187,zeta1p2,0.0377722382545471,0.0358372889459133
188,zeta1p2,0.0377614945173263,0.0358280576765537
189,zeta1p2,0.0377507992088794,0.0358188673853874
190,zeta1p2,0.0377401486039161,0.0358097068965435
191,zeta1p2,0.0377295352518558,0.0358005873858928
192,zeta1p2,0.0377189628779888,0.0357915051281452
193,zeta1p2,0.037708431482315,0.0357824526727199
194,zeta1p2,0.0376979410648345,0.0357734449207782
195,zeta1p2,0.0376874879002571,0.0357644669711589
196,zeta1p2,0.0376770794391632,0.035755518823862
197,zeta1p2,0.0376667082309722,0.0357466042041778
198,zeta1p2,0.0376563780009746,0.0357377268373966
199,zeta1p2,0.0376460738480091,0.035728882998228
200,zeta1p2,0.0376358181238174,0.0357200689613819
201,zeta1p2,0.037625603377819,0.0357112921774387
202,zeta1p2,0.0376154221594333,0.0357025451958179
203,zeta1p2,0.03760527074337,0.0356938317418098
204,zeta1p2,0.0375951677560806,0.0356851518154144
205,zeta1p2,0.0375851020216941,0.0356764942407608
206,zeta1p2,0.0375750623643398,0.0356678739190101
207,zeta1p2,0.0375650636851787,0.0356592833995819
208,zeta1p2,0.0375550985336303,0.0356507264077663
209,zeta1p2,0.0375451743602752,0.0356421954929828
210,zeta1p2,0.0375352799892425,0.0356336943805217
211,zeta1p2,0.0375254265964031,0.035625223070383
212,zeta1p2,0.037515603005886,0.0356167890131473
213,zeta1p2,0.037505816668272,0.0356083773076534
214,zeta1p2,0.0374960601329803,0.0355999954044818
215,zeta1p2,0.0374863371253013,0.0355916433036327
216,zeta1p2,0.0374766550958156,0.0355833172798156
217,zeta1p2,0.0374670028686523,0.035575021058321
218,zeta1p2,0.0374573841691017,0.035566758364439
219,zeta1p2,0.0374477952718734,0.0355585254728794
220,zeta1p2,0.0374382436275482,0.0355503112077713
221,zeta1p2,0.0374287255108356,0.0355421267449855
222,zeta1p2,0.0374192409217357,0.0355339758098125
223,zeta1p2,0.0374097824096679,0.0355258546769619
224,zeta1p2,0.0374003611505031,0.035517755895853
225,zeta1p2,0.0373909696936607,0.0355096869170665
226,zeta1p2,0.037381611764431,0.0355016440153121
227,zeta1p2,0.0373722799122333,0.0354936309158802
228,zeta1p2,0.0373629890382289,0.03548564016819
229,zeta1p2,0.0373537242412567,0.0354776866734027
230,zeta1p2,0.0373444929718971,0.0354697555303573
231,zeta1p2,0.0373352877795696,0.0354618467390537
232,zeta1p2,0.0373261198401451,0.0354539714753627
233,zeta1p2,0.0373169817030429,0.0354461185634136
234,zeta1p2,0.0373078733682632,0.0354382880032062
235,zeta1p2,0.0372987985610961,0.0354304909706115
236,zeta1p2,0.0372897498309612,0.0354227200150489
237,zeta1p2,0.0372807346284389,0.0354149714112281
238,zeta1p2,0.037271749228239,0.03540725633502
239,zeta1p2,0.0372627899050712,0.0353995636105537
240,zeta1p2,0.0372538678348064,0.0353918969631195
241,zeta1p2,0.0372449718415737,0.0353842563927173
242,zeta1p2,0.037236101925373,0.035376638174057
243,zeta1p2,0.0372272729873657,0.035369049757719
244,zeta1p2,0.0372184626758098,0.0353614836931228
245,zeta1p2,0.0372096858918666,0.0353539511561393
246,zeta1p2,0.0372009389102458,0.0353464372456073
247,zeta1p2,0.0371922217309474,0.0353389531373977
248,zeta1p2,0.0371835343539714,0.0353314913809299
249,zeta1p2,0.0371748730540275,0.0353240519762039
250,zeta1p2,0.037166241556406,0.0353166460990905
251,zeta1p2,0.0371576398611068,0.0353092588484287
252,zeta1p2,0.0371490679681301,0.0353018976747989
253,zeta1p2,0.0371405221521854,0.0352945625782012
254,zeta1p2,0.0371320098638534,0.0352872498333454
255,zeta1p2,0.0371235162019729,0.0352799668908119
256,zeta1p2,0.0371150597929954,0.0352727063000202
257,zeta1p2,0.0371066331863403,0.0352654680609703
258,zeta1p2,0.0370982252061367,0.0352582558989524
259,zeta1p2,0.037089854478836,0.0352510698139667
260,zeta1p2,0.0370815098285675,0.0352439135313034
261,zeta1p2,0.037073191255331,0.0352367684245109
262,zeta1p2,0.0370648987591266,0.0352296531200408
263,zeta1p2,0.0370566397905349,0.0352225676178932
264,zeta1p2,0.0370483994483947,0.0352154970169067
265,zeta1p2,0.0370401926338672,0.0352084524929523
266,zeta1p2,0.0370320118963718,0.0352014303207397
267,zeta1p2,0.0370238572359085,0.0351944416761398
268,zeta1p2,0.0370157286524772,0.0351874679327011
269,zeta1p2,0.0370076335966587,0.0351805202662944
270,zeta1p2,0.0369995608925819,0.0351735912263393
271,zeta1p2,0.0369915142655372,0.0351666845381259
272,zeta1p2,0.0369834899902343,0.0351598113775253
273,zeta1p2,0.0369755029678344,0.0351529531180858
274,zeta1p2,0.0369675308465957,0.0351461134850978
275,zeta1p2,0.0369595922529697,0.0351393036544323
276,zeta1p2,0.0369516722857952,0.0351325124502182
277,zeta1p2,0.0369437858462333,0.0351257435977458
278,zeta1p2,0.0369359254837036,0.0351190045475959
279,zeta1p2,0.036928080022335,0.0351122766733169
280,zeta1p2,0.0369202680885791,0.03510557487607
281,zeta1p2,0.036912478506565,0.0350988954305648
282,zeta1p2,0.0369047150015831,0.0350922383368015
283,zeta1p2,0.0368969738483428,0.0350855998694896
284,zeta1p2,0.036889262497425,0.0350789800286293
285,zeta1p2,0.0368815697729587,0.0350723825395107
286,zeta1p2,0.0368739031255245,0.0350658074021339
287,zeta1p2,0.0368662625551223,0.0350592546164989
288,zeta1p2,0.036858644336462,0.035052727907896
289,zeta1p2,0.0368510521948337,0.0350462086498737
290,zeta1p2,0.0368434749543666,0.0350397154688835
291,zeta1p2,0.0368359312415123,0.0350332409143447
292,zeta1p2,0.0368284098803997,0.0350267887115478
293,zeta1p2,0.0368209034204483,0.0350203514099121
294,zeta1p2,0.0368134267628192,0.0350139364600181
295,zeta1p2,0.036805972456932,0.0350075401365757
296,zeta1p2,0.036798533052206,0.0350011624395847
297,zeta1p2,0.0367911234498024,0.0349947996437549
298,zeta1p2,0.0367837324738502,0.0349884629249572
299,zeta1p2,0.0367763675749301,0.0349821411073207
300,zeta1p2,0.0367690213024616,0.0349758379161357
